id,can_smiles,ac
gbr-12909,Fc1ccc(C(OCC[N+]2CC[N+](CCCc3ccccc3)CC2)c2ccc(F)cc2)cc1,1
FLUSPIRILENE,O=C1NCN(c2ccccc2)C12CC[N+](CCCC(c1ccc(F)cc1)c1ccc(F)cc1)CC2,1
TERFENADINE,CC(C)(C)c1ccc([C@@H](O)CCC[N+]2CCC(C(O)(c3ccccc3)c3ccccc3)CC2)cc1,1
DOFETILIDE,C[N@@H+](CCOc1ccc(N[S+2](C)([O-])[O-])cc1)CCc1ccc(N[S+2](C)([O-])[O-])cc1,1
ASTEMIZOLE,COc1ccc(CC[N+]2CCC(Nc3nc4ccccc4n3Cc3ccc(F)cc3)CC2)cc1,1
CLEMASTINE,C[N+]1CCCC1CCOC(C)(c1ccccc1)c1ccc(Cl)cc1,1
E-4031,Cc1cccc(CC[N+]2CCC(C(=O)c3ccc(N[S+2](C)([O-])[O-])cc3)CC2)n1,1
clofilium,CCCCCCC[N+](CC)(CC)CCCCc1ccc(Cl)cc1,1
SERTINDOLE,O=C1NCCN1CC[N+]1CCC(c2cn(-c3ccc(F)cc3)c3ccc(Cl)cc23)CC1,1
LIDOFLAZINE,Cc1cccc(C)c1NC(=O)C[N+]1CC[N+](CCCC(c2ccc(F)cc2)c2ccc(F)cc2)CC1,1
TOLTERODINE,Cc1ccc(O)c([C@H](CC[N+](C(C)C)C(C)C)c2ccccc2)c1,1
PIMOZIDE,O=C1N=c2ccccc2=[N+]1C1CC[N+](CCCC(c2ccc(F)cc2)c2ccc(F)cc2)CC1,1
HALOPERIDOL,O=C(CCC[N+]1CCC(O)(c2ccc(Cl)cc2)CC1)c1ccc(F)cc1,1
BRL-37872,COc1ccc(CC[N+](C)CCCN(C(=O)c2ccc([N+](=O)[O-])cc2)c2ccc(OC)c(OC)c2)cc1OC,1
CISAPRIDE,COc1cc(N)c(Cl)cc1C(=O)N[C@@H]1CC[N@@H+](CCCOc2ccc(F)cc2)C[C@H]1OC,1
MK-499,C[S+2]([O-])([O-])Nc1ccc2c(c1)C(O)CC1(CC[N+](C3CCc4cc(C#N)ccc4C3)CC1)O2,1
IBUTILIDE,CCCCCCC[N+](CC)CCCC(O)c1ccc(N[S+2](C)([O-])[O-])cc1,1
NORASTEMIZOLE,Fc1ccc(Cn2c(NC3CC[N+]CC3)nc3ccccc32)cc1,1
bekm-1,Clc1ccc(C(c2ccc(Cl)cc2)n2cc[n+](CC(OCc3ccc(Cl)cc3Cl)c3ccc(Cl)cc3Cl)c2)cc1,1
desmethylastemizole,Oc1ccc(CC[N+]2CCC(Nc3nc4ccccc4n3Cc3ccc(F)cc3)CC2)cc1,1
HALOFANTRINE,CCCC[N+](CCCC)CC[C@@H](O)c1cc2c(Cl)cc(Cl)cc2c2cc(C(F)(F)F)ccc12,1
DROPERIDOL,O=C(CCC[N@@H+]1CC=C([N+]2=c3ccccc3=NC2=O)CC1)c1ccc(F)cc1,1
VINPOCETINE,CCOC(=O)C1=C[C@]2(CC)CCC[N+]3CCc4c(n1c1ccccc41)[C@@H]32,1
H345_32,CC(C)(C)OC(=O)N1CCC2C[N+](CC(O)COc3ccc(C#N)cc3)CC(C1)O2,1
THIORIDAZINE,CSc1ccc2c(c1)N(CC[C@H]1CCCC[N@@H+]1C)c1ccccc1S2,1
glyceryl-nonivamide,CCCCCCCCC(=O)NCc1ccc(CC(O)CO)c(OC)c1,1
KETANSERIN,O=C(c1ccc(F)cc1)C1CC[N+](CCn2c(=O)[nH]c3ccccc3c2=O)CC1,1
PERGOLIDE,CCC[N+]1C[C@H](CSC)C[C@@H]2c3cccc4c3C(C=N4)C[C@H]21,1
ZIPRASIDONE,O=C1Cc2cc(CC[N+]3CCN(c4nsc5ccccc45)CC3)c(Cl)cc2N1,1
VERAPAMIL,COc1ccc(CC[N@H+](C)CCC[C@@](C#N)(c2ccc(OC)c(OC)c2)C(C)C)cc1OC,1
9-HYDROXYRISPERIDONE,CC1=NC2=[N+](CCCC2O)C(=O)C1CC[N+]1CCC(c2noc3cc(F)ccc23)CC1,1
DOMPERIDONE,O=C1N=c2ccccc2=[N+]1CCC[N+]1CCC([N+]2=c3ccc(Cl)cc3=NC2=O)CC1,1
RISPERIDONE,CC1=NC2=[N+](CCCC2)C(=O)C1CC[N+]1CCC(c2noc3cc(F)ccc23)CC1,1
CLOMIPHENE,CC[N+](CC)CCOc1ccc(/C(=C(/Cl)c2ccccc2)c2ccccc2)cc1,1
OLANZAPINE,Cc1cc2c(s1)Nc1ccccc1N=C2N1CC[N+](C)CC1,1
WAY123398,CN(CCN(C)[S+2]([O-])([O-])c1ccc(N[S+2](C)([O-])[O-])cc1)c1nc2ccccc2n1C,1
amsacrine,COc1cc(N[S+2](C)([O-])[O-])ccc1Nc1c2ccccc2nc2ccccc12,1
aprinidine,CC[N+](CC)CCCN(c1ccccc1)C1Cc2ccccc2C1,1
TRIFLUOPERAZINE,C[N+]1CC[N+](CCCN2c3ccccc3Sc3ccc(C(F)(F)F)cc32)CC1,1
CLOZAPINE,C[N+]1CCN(C2=Nc3cc(Cl)ccc3Nc3ccccc32)CC1,1
AWD_23-111,CC[N+](CC)CCCN(CC(=O)N(C1CCCCC1)C1CCCCC1)C(=O)c1ccc([N+](=O)[O-])cc1,1
ebastine,CC(C)(C)c1ccc(C(=O)CCC[N+]2CCC(OC(c3ccccc3)c3ccccc3)CC2)cc1,1
MIZOLASTINE,O=C1C=C[N+]=C(NCC2CCN(c3nc4ccccc4n3Cc3ccc(F)cc3)CC2)N1,1
PROPAFENONE,CCC[N+]CC(O)COc1ccccc1C(=O)CCc1ccccc1,1
almokalant,CCC[S+]([O-])CCC[N+](CC)CC(O)COc1ccc(C#N)cc1,1
FLUOXETINE,C[N+]CCC(Oc1ccc(C(F)(F)F)cc1)c1ccccc1,1
BEPRIDIL,CC(C)COC[C@@H](CN(Cc1ccccc1)c1ccccc1)[N+]1CCCC1,1
MESORIDAZINE,C[N+]1CCCCC1CCN1c2ccccc2Sc2ccc([S+](C)[O-])cc21,1
ATROPINE,C[N+]1[C@H]2CC[C@@H]1C[C@H](OC(=O)C(CO)c1ccccc1)C2,1
DOXAZOSIN,COc1cc2nc(N3CCN(C(=O)C4COc5ccccc5O4)CC3)nc(N)c2cc1OC,1
N_demethylHALOFANTRINE,[N+]CC[C@@H](O)c1cc2c(Cl)cc(Cl)cc2c2cc(C(F)(F)F)ccc12,1
ONDANSETRON,Cc1nccn1CC1CCc2c(c3ccccc3n2C)C1=O,1
cyamemazin,CC(CN1c2ccccc2Sc2ccc(C#N)cc21)C[N+](C)C,1
OPC18790,COc1ccc(C[N+]CC(O)COc2ccc3[nH]c(=O)ccc3c2)cc1OC,1
AMIODARONE,CCCCc1oc2ccccc2c1C(=O)c1cc(I)c(OCC[N+](CC)CC)c(I)c1,0
MCI-154,O=C1CCC(c2ccc(Nc3ccncc3)cc2)=NN1,0
QUINIDINE,C=C[C@H]1C[N+]2CC[C@H]1C[C@@H]2[C@@H](O)c1ccnc2ccc(OC)cc12,0
VESNARINONE,COc1ccc(C(=O)N2CCN(c3ccc4c(c3)CCC(=O)N4)CC2)cc1OC,0
COCAETHYLENE,CCOC(=O)[C@@H]1C2CCC(C[C@@H]1OC(=O)c1ccccc1)[N+]2C,0
DESIPRAMINE,C[N+]CCCN1c2ccccc2CCc2ccccc21,0
AZIMILIDE,C[N+]1CC[N+](CCCCN2C(=O)CN(N=Cc3ccc(-c4ccc(Cl)cc4)o3)C2=O)CC1,0
MIBEFRADIL,COCC(=O)O[C@@]1(CC[N@@H+](C)CCCc2nc3ccccc3[nH]2)CCc2cc(F)ccc2[C@H]1C(C)C,0
CHLORPROMAZINE,C[N+](C)CCCN1c2ccccc2Sc2ccc(Cl)cc21,0
TERODILINE,CC(CC(c1ccccc1)c1ccccc1)[N+]C(C)(C)C,0
PRAZOSIN,COc1cc2nc(N3CCN(C(=O)c4ccco4)CC3)nc(N)c2cc1OC,0
TAMOXIFEN,CC/C(=C(/c1ccccc1)c1ccc(OCC[N+](C)C)cc1)c1ccccc1,0
FENTANYL,CCC(=O)N(c1ccccc1)C1CC[N+](CCc2ccccc2)CC1,0
KETOCONAZOLE,CC(=O)N1CCN(c2ccc(OCC3CO[C@](Cn4ccnc4)(c4ccc(Cl)cc4Cl)O3)cc2)CC1,0
AMLODIPINE,CCOC(=O)C1=C(COCC[N+])NC(C)=C(C(=O)OC)C1c1ccccc1Cl,0
LAAM,CCC(OC(C)=O)C(CC(C)[N+](C)C)(c1ccccc1)c1ccccc1,0
LORATADINE,CCOC(=O)N1CCC(=C2c3ccc(Cl)cc3CCc3cccnc32)CC1,0
PYRILAMINE,COc1ccc(CN(CC[N+](C)C)c2ccccn2)cc1,0
CHLOROQUINE,CC[N+](CC)CCCC(C)Nc1ccnc2cc(Cl)ccc12,0
tedisamil,C1CCC2(C1)C1C[N+](CC3CC3)CC2C[N+](CC2CC2)C1,0
MEFLOQUINE,O[C@@H](c1cc(C(F)(F)F)nc2c(C(F)(F)F)cccc12)[C@H]1CCCC[N+]1,0
D600 (methoxyverapamil),COc1ccc(CC[N+](C)CCCC(C#N)(c2cc(OC)c(OC)c(OC)c2)C(C)C)cc1OC,0
clotrimazole,Clc1ccccc1C(c1ccccc1)(c1ccccc1)n1ccnc1,0
maprotiline,C[N+]CCCC12CCC(c3ccccc31)c1ccccc12,0
norverapamil,COc1ccc(CC[N+]CCCC(C#N)(c2ccc(OC)c(OC)c2)C(C)C)cc1OC,0
ALOSETRON,Cc1nc[nH]c1CN1CCc2c(c3ccccc3n2C)C1=O,0
IMIPRAMINE,C[N+](C)CCCN1c2ccccc2CCc2ccccc21,0
AMBASILIDE,Nc1ccc(C(=O)N2C[C@H]3C[C@@H](C2)C[N+](Cc2ccccc2)C3)cc1,0
norpropoxyphene,CCC(=O)OC(Cc1ccccc1)(c1ccccc1)C(C)C[N+]C,0
GRANISETRON,Cn1nc(C(=O)NC2C[C@@H]3CCC[C@H](C2)[N+]3C)c2ccccc21,0
FLUVOXAMINE,COCCCCC(=NOCC[N+])c1ccc(C(F)(F)F)cc1,0
FLECAINIDE,O=C(NCC1CCCC[N+]1)c1cc(OCC(F)(F)F)ccc1OCC(F)(F)F,0
CITALOPRAM,C[N+](C)CCCC1(c2ccc(F)cc2)OCc2cc(C#N)ccc21,0
PRUCALOPRIDE,COCCC[N+]1CCC(NC(=O)c2cc(Cl)c(N)c3c2OCC3)CC1,0
DESLORATIDINE,Clc1ccc2c(c1)CCc1cccnc1C2=C1CC[N+]CC1,0
NORCLOZAPINE,Clc1ccc2c(c1)N=C(N1CC[N+]CC1)c1ccccc1N2,0
CAFFEINE,Cn1c(=O)c2c(ncn2C)n(C)c1=O,0
METOCLOPRAMIDE,CC[N+](CC)CCNC(=O)c1cc(Cl)c(N)cc1OC,0
QUETIAPINE,OCCOCC[N+]1CCN(C2=Nc3ccccc3Sc3ccccc32)CC1,0
vitamine_K,CC1=C(C/C=C(\C)CCCC(C)CCCC(C)CCCC(C)C)C(=O)c2ccccc2C1=O,0
DOLASETRON,O=C(OC1C[C@@H]2CC3C[C@H](C1)[N+]2CC3=O)C1=c2ccccc2=NC1,0
sertindole10,Fc1ccc(-n2cc(C3CC[N+](CCN4CCNC4=S)CC3)c3cc(Cl)ccc32)cc1,0
CHROMANOL,CC[S+2]([O-])([O-])C[N+]C1c2cc(C[N+])ccc2OC(C)(C)C1O,0
EGIS7229,COc1ccc(CC[N+](C)CCCNc2c(Cl)cn[nH]c2=O)cc1OC,0
EMD60263,CCN=C(c1ccc(OC)c(OC)c1)N1CCCc2cc(C3=NNC(=O)SC3C)ccc21,0
sertindole3,O=C1NCCN1CC[N+]1CCC(c2cn(-c3ccc(F)cc3)c3ccccc23)CC1,0
COCAINE,COC(=O)[C@@H]1[C@H](OC(=O)c2ccccc2)C[C@@H]2CC[C@H]1[N@H+]2C,0
papaverine,COc1ccc(Cc2nccc3cc(OC)c(OC)cc23)cc1OC,0
buprenorphine,COC12CCC3(CC1C(C)(O)C(C)(C)C)C1Cc4ccc(O)c5c4C3(CC[N+]1CC1CC1)C2O5,0
LOSARTAN,CCCCc1nc(Cl)c(CO)n1Cc1ccc(-c2ccccc2-c2nn[n-]n2)cc1,0
MOSAPRIDE,CCOc1cc(N)c(Cl)cc1C(=O)NCC1C[N+](Cc2ccc(F)cc2)CCO1,0
PERHEXILENE,C1CCC(C(C[C@@H]2CCCC[N+]2)C2CCCCC2)CC1,0
lumefantrine,CCCC[N+](CCCC)CC(O)c1cc(Cl)cc2c1-c1ccc(Cl)cc1/C2=C\c1ccc(Cl)cc1,0
RITONAVIR,CC(C)c1nc(CN(C)C(=O)N[C@H](C(=O)N[C@@H](Cc2ccccc2)C[C@H](O)[C@H](Cc2ccccc2)NC(=O)OCc2cncs2)C(C)C)cs1,0
lopinavir,Cc1cccc(C)c1OCC(=O)NC(Cc1ccccc1)C(O)CC(Cc1ccccc1)NC(=O)C(C(C)C)N1CCCNC1=O,0
METHADONE,CCC(=O)C(CC(C)[N+](C)C)(c1ccccc1)c1ccccc1,0
AMITRIPTYLINE,C[N+](C)CCC=C1c2ccccc2CCc2ccccc21,0
PROPRANOLOL,CC(C)[N+]CC(O)COc1cccc2ccccc12,0
isobutylmethylxanthine,CC(C)Cn1c(=O)n(C)c(=O)c2[nH]cnc21,0
sertindole2,O=C1NCCN1CC[N+]1CC=C(c2cn(-c3ccc(F)cc3)c3ccc(Cl)cc23)CC1,0
CARVEDILOL,COc1ccccc1OCC[N+]CC(O)COC1=CC=CC2=Nc3ccccc3C12,0
sertindole15,C[N+](C)Cc1cn(-c2ccc(F)cc2)c2ccc(Cl)cc12,0
NELFINAVIR,Cc1c(O)cccc1C(=O)N[C@@H](CSc1ccccc1)[C@H](O)C[N+]1C[C@H]2CCCC[C@H]2C[C@H]1C(=O)NC(C)(C)C,0
2-hydroxymethylOLANZAPIN,C[N+]1CCN(C2=Nc3ccccc3Nc3sc(CO)cc32)CC1,0
MDL_74156,O=C(OC1CC2CC3CC(C1)[N+]2CC3O)c1c[nH]c2ccccc12,0
lovastatin,CCC(C)C(=O)OC1CC(C)C=C2C=CC(C)C(CCC3CC(O)CC(=O)O3)C21,0
vardenafil,CCCc1nc(C)c2c(=O)nc(-c3cc([S+2]([O-])([O-])N4CC[N+](CC)CC4)ccc3OCC)[nH]n12,0
desmethyl_OLANZAPINE,Cc1cc2c(s1)Nc1ccccc1N=C2N1CC[N+]CC1,0
ranolazine,COc1ccccc1OCC(O)C[N+]1CC[N+](CC(=O)Nc2c(C)cccc2C)CC1,0
SAQUINAVIR,CC(C)(C)NC(=O)[C@@H]1C[C@@H]2CCCC[C@@H]2C[N+]1C[C@@H](O)[C@H](Cc1ccccc1)NC(=O)[C@H](CC(N)=O)NC(=O)c1ccc2ccccc2n1,0
DILTIAZEM,COc1ccc([C@@H]2Sc3ccccc3N(CC[N+](C)C)C(=O)[C@@H]2OC(C)=O)cc1,0
SPARFLOXACIN,C[C@H]1CN(c2c(F)c(N)c3c(c2F)[N+](C2CC2)=CC(C(=O)[O-])C3=O)C[C@@H](C)[N+]1,0
IQB-9302,Cc1cccc(C)c1NC(=O)C1CCCC[N+]1CC1CC1,0
pilsicainide,Cc1cccc(C)c1NC(=O)CC12CCC[N+]1CCC2,0
CHLORPHENIRAMINE,C[N+](C)CCC(c1ccc(Cl)cc1)c1ccccn1,0
PROCHLORPERAZINE,C[N+]1CC[N+](CCCN2c3ccccc3Sc3ccc(Cl)cc32)CC1,0
cibenzoline,c1ccc(C2(c3ccccc3)CC2C2=[N+]CCN2)cc1,0
sertindole13,O=C1NCCN1CC[N+]1CCC(c2cn(-c3ccc(F)cc3)c3ccccc23)CC1,0
OXYBUTYNIN,CC[N+](CC)CC#CCOC(=O)C(O)(c1ccccc1)C1CCCCC1,0
DIPHENHYDRAMINE,C[N+](C)CCOC(c1ccccc1)c1ccccc1,0
CETIRIZINE,O=C([O-])COCC[N+]1CC[N+](C(c2ccccc2)c2ccc(Cl)cc2)CC1,0
sertindole8,COCc1ccc(-n2cc(C3CC[N+](CCN4CCNC4=O)CC3)c3cc(Cl)ccc32)cc1,0
ROXITHROMYCIN,CC[C@H]1OC(=O)[C@H](C)[C@@H](O[C@H]2C[C@@](C)(OC)[C@@H](O)[C@H](C)O2)[C@H](C)[C@@H](O[C@@H]2O[C@H](C)C[C@H]([NH+](C)C)[C@H]2O)[C@](C)(O)C[C@@H](C)C(=NOCOCCOC)[C@H](C)[C@@H](O)[C@]1(C)O,0
eddp,CCO[P+]([O-])(Sc1ccccc1)Sc1ccccc1,0
sematilide,CC[N+](CC)CCNC(=O)c1ccc(N[S+2](C)([O-])[O-])cc1,0
CLARITHROMYCIN,CC[C@@H]1OC(=O)[C@H](C)[C@H](O[C@H]2C[C@@](C)(OC)[C@@H](O)[C@H](C)O2)[C@H](C)[C@@H](O[C@@H]2O[C@H](C)C[C@H]([NH+](C)C)[C@H]2O)[C@@](C)(OC)C[C@@H](C)C(=O)[C@@H](C)[C@@H](O)[C@]1(C)O,0
berberine,COc1ccc2cc3[n+](cc2c1OC)CCc1cc2c(cc1-3)OCO2,0
GREPAFLOXACIN,Cc1c(F)c(N2CC[N+][C@H](C)C2)cc2c1C(=O)C(C(=O)[O-])C=[N+]2C1CC1,0
erythromycin,CCC1OC(=O)C(C)C(OC2CC(C)(OC)C(O)C(C)O2)C(C)C(OC2OC(C)CC([N+](C)C)C2O)C(C)(O)CC(C)C(=O)C(C)C(O)C1(C)O,0
erythromycin1,CCC1OC(=O)C(C)C(OC2CC(C)(OC)C(O)C(C)O2)C(C)C(OC2OC(C)CC([N+](C)C)C2O)C(C)(O)CC(C)C(=O)C(C)C(O)C1(C)O,0
GLIMEPIRIDE,CCC1=C(C)CN(C(=O)NCCc2ccc([S+2]([O-])([O-])[N-]C(=O)NC3CCC(C)CC3)cc2)C1=O,0
GLIBENCLAMIDE,COc1ccc(Cl)cc1C(=O)NCCc1ccc([S+2]([O-])([O-])[N-]C(=O)NC2CCCCC2)cc1,0
SOTALOL,CC(C)[N+]CC(O)c1ccc(N[S+2](C)([O-])[O-])cc1,0
ALFUZOSIN,COc1cc2nc(N(C)CCCNC(=O)C3CCCO3)nc(C)c2cc1OC,0
sertindole1,O=C1NCCN1CC[N+]1CCC(c2cn(-c3ccccc3)c3ccc(Cl)cc23)CC1,0
trimebutine,CCC(COC(=O)c1cc(OC)c(OC)c(OC)c1)(c1ccccc1)[N+](C)C,0
DISOPYRAMIDE,CC(C)[N+](CCC(C(N)=O)(c1ccccc1)c1ccccn1)C(C)C,0
SILDENAFIL,CCCC1=N[N+](C)=C2C(=O)N=C(c3cc([S+2]([O-])([O-])N4CC[N+](C)CC4)ccc3OCC)N=C12,0
tadafil,CN1CC(=O)N2C(Cc3c([nH]c4ccccc34)C2c2ccc3c(c2)OCO3)C1=O,0
josamycin,COC1C(OC(C)=O)CC(=O)OC(C)CC=CC=CC(O)C(C)CC(CC=O)C1OC1OC(C)C(OC2CC(C)(O)C(OC(=O)CC(C)C)C(C)O2)C([N+](C)C)C1O,0
canrenoic,CC12CCC(=O)C=C1C=CC1C2CCC2(C)C1CCC2(O)CCC(=O)[O-],0
TAMSULOSIN,CCOc1ccccc1OCC[N+]C(C)Cc1ccc(OC)c([S+2](N)([O-])[O-])c1,0
artemisin,CC1=C2C3OC(=O)C(C)C3C(O)CC2(C)C=CC1=O,0
NITRENDIPINE,CCOC(=O)C1=C(C)NC(C)=C(C(=O)OC)C1c1cccc([N+](=O)[O-])c1,0
GATIFLOXACIN,COc1c(N2CC[N+][C@H](C)C2)c(F)cc2c1[N+](C1CC1)=CC(C(=O)[O-])C2=O,0
MOXIFLOXACIN,COc1c(N2C[C@H]3CCC[N+][C@H]3C2)c(F)cc2c1[N+](C1CC1)=CC(C(=O)[O-])C2=O,0
sertindole7,COCCc1ccc(-n2cc(C3CC[N+](CCN4CCNC4=O)CC3)c3cc(Cl)ccc32)cc1,0
PENTOBARBITAL,CCCC(C)C1(CC)C(=O)NC(=O)NC1=O,0
CLOZAPINE_N_OXYDE,C[N+]1CC[N+]([C@@H]2c3ccccc3Nc3ccc(Cl)cc3N2O)CC1,0
sertindole6,O=C1NCCN1CC[N+]1CCC(c2cn(C3CCCCC3)c3ccc(Cl)cc23)CC1,0
N-DEMETHYL-ERYTHROMYCIN,CC[C@H]1OC(=O)[C@H](C)[C@@H](O[C@H]2C[C@@](C)(OC)[C@@H](O)[C@H](C)O2)[C@H](C)[C@@H](O[C@@H]2O[C@H](C)C[C@H]([N+]C)[C@H]2O)[C@](C)(O)C[C@@H](C)C(=O)[C@H](C)[C@@H](O)[C@]1(C)O,0
N-desmethylerythromycin,CCC1OC(=O)C(C)C(OC2CC(C)(O)C(O)C(C)O2)C(C)C(OC2OC(C)CC([N+](C)C)C2O)C(C)(O)CC(C)C(=O)C(C)C(O)C1(C)O,0
protopine,C[N+]1CCc2cc3c(cc2C(=O)Cc2ccc4c(c2C1)OCO4)OCO3,0
EPINASTINE,NC1=[N+]CC2c3ccccc3Cc3ccccc3N12,0
Methylecgonidine,COC(=O)C1=CCC2CCC1[N+]2C,0
sertindole14,Fc1ccc(-n2cc(C3CC[N+]CC3)c3cc(Cl)ccc32)cc1,0
trimethoprin,COc1cc(Cc2cnc(N)nc2N)cc(OC)c1OC,0
PHENYTOIN,O=C1NC(=O)C(c2ccccc2)(c2ccccc2)N1,0
NICOTINE,C[N+]1CCCC1c1cccnc1,0
ERYTHROMYCYLAMINE,CCC1OC(=O)[C@H](C)[C@@H](O[C@H]2C[C@@](C)(OC)[C@@H](O)[C@H](C)O2)[C@H](C)[C@@H](O[C@@H]2O[C@H](C)C[C@H]([NH+](C)C)[C@H]2O)[C@@](C)(O)C[C@@H](C)[C@H]([N+])[C@H](C)[C@@H](O)[C@]1(C)O,0
CODEINE,COc1ccc2c3c1O[C@H]1[C@@H](O)C=C[C@H]4[C@@H](C2)[N+](C)CC[C@]314,0
oleandomycin,COC1CC(OC2C(C)C(=O)OC(C)C(C)C(O)C(C)C(=O)C3(CO3)CC(C)C(OC3OC(C)CC([N+](C)C)C3O)C2C)OC(C)C1O,0
sertindole11,CC(C)(O)c1ccc(C(O)CCC[N+]2CCC(C(O)(c3ccccc3)c3ccccc3)CC2)cc1,0
sertindole4,O=C1NCCN1CC[N+]1CCC(c2cn(-c3ccc(CCO)cc3)c3ccc(Cl)cc23)CC1,0
NIFEDIPINE,COC(=O)C1=C(C)NC(C)=C(C(=O)OC)C1c1ccccc1[N+](=O)[O-],0
LEVOFLOXACIN,C[C@@H]1COc2c(N3CC[N+](C)CC3)c(F)cc3c(=O)c(C(=O)[O-])cn1c23,0
CIPROFLOXACIN,O=C([O-])C1=C[N+](C2CC2)=C2C=C(N3CC[N+]CC3)C(F)=CC2C1=O,0
MORPHINE,C[N+]1CC[C@]23c4c5ccc(O)c4O[C@H]2[C@@H](O)C=C[C@H]3[C@H]1C5,0
OFLOXACIN,CC1COc2c(N3CC[N+](C)CC3)c(F)cc3c(=O)c(C(=O)[O-])cn1c23,0
sertindole17,CCC(CC)c1cn(-c2ccc(F)cc2)c2ccc(Cl)cc12,0
sertindole19,CCC(=O)c1cn(-c2ccc(F)cc2)c2ccc(Cl)cc12,0
sertindole21,CC[C@H](O)c1cn(-c2ccc(F)cc2)c2ccc(Cl)cc12,0
PHENOBARBITAL,CCC1(c2ccccc2)C(=O)NC(=O)NC1=O,0
sertindole22,CCc1cn(-c2ccc(F)cc2)c2ccc(Cl)cc12,0
benzoylecgonine,C[N+]1C2CCC1C(C(=O)[O-])C(OC(=O)c1ccccc1)C2,0
sertindole18,C[C@H](O)c1cn(-c2ccc(F)cc2)c2ccc(Cl)cc12,0
ecgonine_methyl_ester,COC(=O)C1C(O)CC2CCC1[N+]2C,0
sertindole16,CCCc1cn(-c2ccc(F)cc2)c2ccc(Cl)cc12,0
sertindole5,O=C([O-])c1ccc(-n2cc(C3CC[N+](CCN4CCNC4=O)CC3)c3cc(Cl)ccc32)cc1,0
PRENYLAMINE,CC(Cc1ccccc1)[N+]CCC(c1ccccc1)c1ccccc1,1
D617(R=CH3),C[N+]CCCC(C#N)(c1ccc(OC)c(OC)c1)C(C)C,0
D620(R=H),COc1ccc(C(C#N)(CCC[N+])C(C)C)cc1OC,0
MECLIZINE,Cc1cccc(C[N+]2CC[N+](C(c3ccccc3)c3ccc(Cl)cc3)CC2)c1,1
ACEBUTOLOL,CCCC(=O)Nc1ccc(OCC(O)C[N+]C(C)C)c(C(C)=O)c1,0
ACETAMINOPHEN,CC(=O)Nc1ccc(O)cc1,0
ACETAZOLAMIDE,CC(=O)Nc1nnc([S+2](N)([O-])[O-])s1,0
ACETYLSALICYLIC_ACID,CC(=O)Oc1ccccc1C(=O)[O-],0
ACITRETIN,COc1cc(C)c(/C=C\C(C)=C\C=C/C(C)=C/C(=O)[O-])c(C)c1C,0
ACRIVASTINE,Cc1ccc(/C(=C/C[N+]2CCCC2)c2cccc(/C=C\C(=O)[O-])n2)cc1,0
ACYCLOVIR,Nc1nc(=O)c2ncn(COCCO)c2[nH]1,0
ALBUTEROL,CC(C)(C)[N+]CC(O)c1ccc(O)c(CO)c1,0
ALPRAZOLAM,Cc1nnc2n1-c1ccc(Cl)cc1C(c1ccccc1)=NC2,0
ALTRETAMINE,CN(C)c1nc(N(C)C)nc(N(C)C)n1,0
AMANTADINE,[N+]C12CC3CC(CC(C3)C1)C2,0
AMILORIDE,[N+]=C(N)NC(=O)c1nc(Cl)c(N)nc1N,0
AMINOBENZOIC_ACID,Nc1ccc(C(=O)[O-])cc1,0
AMINOSALICYLIC_ACID,Nc1ccc(C(=O)[O-])c([O-])c1,0
AMPHETAMINE,CC([N+])Cc1ccccc1,0
AMPRENAVIR,CC(C)CN(C[C@@H](O)[C@H](Cc1ccccc1)NC(=O)O[C@H]1CCOC1)[S+2]([O-])([O-])c1ccc(N)cc1,0
ANAGRELIDE,O=C1CN2Cc3c(ccc(Cl)c3Cl)[N+]=C2N1,0
ANASTROZOLE,CC(C)(C#N)c1cc(Cn2cncn2)cc(C(C)(C)C#N)c1,0
ATENOLOL,CC(C)[N+]CC(O)COc1ccc(CC(N)=O)cc1,0
ATORVASTATIN,CC(C)c1c(C(=O)Nc2ccccc2)c(-c2ccccc2)c(-c2ccc(F)cc2)n1CC[C@@H](O)C[C@@H](O)CC(=O)[O-],0
ATOVAQUONE,O=C1C=C([C@H]2CC[C@H](c3ccc(Cl)cc3)CC2)C(=O)c2ccccc21,0
AZATADINE,C[N+]1CCC(=C2c3ccccc3CCc3cccnc32)CC1,0
BENDROFLUMETHIAZIDE,N[S+2]([O-])([O-])c1cc2c(cc1C(F)(F)F)NC(Cc1ccccc1)N[S+2]2([O-])[O-],0
BENZONATATE,CCCCNc1ccc(C=O)cc1,0
BENZTROPINE,C[N+]1[C@H]2CC[C@@H]1C[C@H](OC(c1ccccc1)c1ccccc1)C2,0
BETAXOLOL,CC(C)[N+]CC(O)COc1ccc(CCOCC2CC2)cc1,0
BEXAROTENE,C=C(c1ccc(C(=O)[O-])cc1)c1cc2c(cc1C)C(C)(C)CCC2(C)C,0
BICALUTAMIDE,Cc1c(C(F)(F)F)cc(NC(=O)C(C)O)c(C#N)c1[S+2]([O-])([O-])c1ccc(F)cc1,0
BIPERIDEN,OC(CC[N+]1CCCCC1)(c1ccccc1)C1CC2C=CC1C2,0
BISOPROLOL,CC(C)[N+]CC(O)COc1ccc(COCCOC(C)C)cc1,0
BROMPHENIRAMINE,C[N+](C)CCC(c1ccc(Br)cc1)c1ccccn1,0
BUPROPION,CC([N+]C(C)(C)C)C(=O)c1cccc(Cl)c1,0
BUSULFAN,C[S+2]([O-])([O-])OCCCCO[S+2](C)([O-])[O-],0
BUTALBITAL,C=CCC1(CC(C)C)C(=O)NC(=O)NC1=O,0
CABERGOLINE,C=CC[N+]1C[C@H](C(=O)N(CCC[N+](C)C)C(=O)NCC)C[C@@H]2c3cccc4[nH]cc(c34)C[C@H]21,0
CALCITRIOL,C=C1/C(=C/C=C2\CCC[C@@]3(C)[C@H]2CC[C@@H]3[C@H](C)CCCC(C)(C)O)C[C@@H](O)C[C@@H]1O,0
CARBAMAZEPINE,NC(=O)N1c2ccccc2C=Cc2ccccc21,0
CARBETAPENTANE,CC[N+](CC)CCOCCOC(=O)C1(c2ccccc2)CCCC1,0
CARISOPRODOL,CCCC(C)(COC(N)=O)COC(=O)NC(C)C,0
CARTEOLOL,CC(C)(C)[N+]CC(O)COc1cccc2c1CCC(=O)N2,0
CELECOXIB,Cc1ccc(-c2cc(C(F)(F)F)nn2-c2ccc([S+2](N)([O-])[O-])cc2)cc1,0
CERIVASTATIN,COCc1c(C(C)C)nc(C(C)C)c(/C=C/[C@@H](O)C[C@@H](O)CC(=O)[O-])c1-c1ccc(F)cc1,0
CEVIMELINE,C[C@@H]1O[C@@]2(CS1)C[N+]1CCC2CC1,0
CHLORAMBUCIL,O=C([O-])CCCc1ccc(N(CCCl)CCCl)cc1,0
CHLORDIAZEPOXIDE,CNC1=[N+]c2ccc(Cl)cc2C(c2ccccc2)=[N+]([O-])C1,0
CHLOROTHIAZIDE,N[S+2]([O-])([O-])c1cc2c(cc1Cl)[N+]=C[N-][S+2]2([O-])[O-],0
CHLORPROPAMIDE,CCCNC(=O)[N-][S+2]([O-])([O-])c1ccc(Cl)cc1,0
CHLORTHALIDONE,N[S+2]([O-])([O-])c1cc(C2(O)NC(=O)c3ccccc32)ccc1Cl,0
CHLORZOXAZONE,O=c1[nH]c2cc(Cl)ccc2o1,0
CILOSTAZOL,O=C1CCc2cc(OCCCCc3nnnn3C3CCCCC3)ccc2N1,0
CIMETIDINE,CNC(=[N+]C#N)NCCSCc1[nH]cnc1C,0
CLAVULANIC_ACID,O=C([O-])[C@H]1/C(=C\CO)O[C@@H]2CC(=O)N21,0
CLOFIBRATE,CCOC(=O)C(C)(C)Oc1ccc(Cl)cc1,0
CLONAZEPAM,O=C1CN=C(c2ccccc2Cl)c2cc([N+](=O)[O-])ccc2N1,0
CLONIDINE,Clc1cccc(Cl)c1[N+]=C1NCCN1,0
CLOPIDOGREL,COC(=O)C(c1ccccc1Cl)[N+]1CCc2sccc2C1,0
CLORAZEPATE,O=C([O-])C1N=C(c2ccccc2)c2cc(Cl)ccc2NC1=O,0
CROMOLYN,O=C([O-])c1cc(=O)c2c(OCC(O)COc3cccc4oc(C(=O)[O-])cc(=O)c34)cccc2o1,0
CYCLOBENZAPRINE,C[N+](C)CCC=C1c2ccccc2C=Cc2ccccc21,0
CYCLOPHOSPHAMIDE,[O-][P+]1(N(CCCl)CCCl)NCCCO1,0
DANAZOL,C#C[C@]1(O)CC[C@H]2[C@@H]3CCC4=Cc5oncc5C[C@]4(C)[C@H]3CC[C@@]21C,0
DANTROLENE,O=C1CN(N=Cc2ccc(-c3ccc([N+](=O)[O-])cc3)o2)C(=O)N1,0
DELAVIRDINE,CC(C)Nc1cccnc1N1CCN(C(=O)C2=CC3=CC(N[S+2](C)([O-])[O-])C=CC3=N2)CC1,0
DIAZEPAM,CN1C(=O)CN=C(c2ccccc2)c2cc(Cl)ccc21,0
DICHLORPHENAMIDE,N[S+2]([O-])([O-])c1cc(Cl)c(Cl)c([S+2](N)([O-])[O-])c1,0
DICLOFENAC,O=C([O-])Cc1ccccc1Nc1c(Cl)cccc1Cl,0
DIDANOSINE,O=c1nc[nH]c2c1ncn2C1CCC(CO)O1,0
DIFENOXIN,N#CC(CC[N+]1CCC(C(=O)[O-])(c2ccccc2)CC1)(c1ccccc1)c1ccccc1,0
DIFLUNISAL,O=C([O-])c1cc(-c2ccc(F)cc2F)ccc1[O-],0
DIPYRIDAMOLE,OCCN(CCO)c1nc(N2CCCCC2)c2nc(N(CCO)CCO)nc(N3CCCCC3)c2n1,0
DISULFIRAM,CCN(CC)C(=S)SSC(=S)N(CC)CC,0
DONEPEZIL,COc1cc2c(cc1OC)C(=O)C(CC1CC[N+](Cc3ccccc3)CC1)C2,0
DOXYLAMINE,C[N+](C)CCOC(C)(c1ccccc1)c1ccccn1,0
DRONABINOL,CCCCCc1cc(O)c2c(c1)OC(C)(C)C1CCC(C)=CC21,0
DYPHYLLINE,Cn1c(=O)c2c(ncn2CC(O)CO)n(C)c1=O,0
EFAVIRENZ,O=C1Nc2ccc(Cl)cc2[C@@](C#CC2CC2)(C(F)(F)F)O1,0
ENTACAPONE,CCN(CC)C(=O)/C(C#N)=C/c1cc(O)c([O-])c([N+](=O)[O-])c1,0
EPHEDRINE,C[N+][C@@H](C)[C@H](O)c1ccccc1,0
EPROSARTAN,CCCCc1ncc(/C=C(/Cc2cccs2)C(=O)[O-])n1Cc1ccc(C(=O)[O-])cc1,0
ERGOTAMINE,C[n+]1cc(C(=O)NC2(C)OC3(O)c4cccn4C(=O)C(Cc4ccccc4)N3C2=O)cc2c3cccc4c3c(cc21)C=N4,0
OMEPRAZOLE,COc1ccc2nc([S+]([O-])Cc3ncc(C)c(OC)c3C)[nH]c2c1,0
ESTAZOLAM,Clc1ccc2c(c1)C(c1ccccc1)=NCc1nncn1-2,0
ESTRADIOL,C[C@]12CC[C@@H]3c4ccc(O)cc4CC[C@H]3[C@@H]1CC[C@@H]2O,0
ESTRAMUSTINE,C[C@]12CC[C@@H]3c4ccc(OC(=O)N(CCCl)CCCl)cc4CC[C@H]3[C@@H]1CC[C@@H]2O,0
ESTROPIPATE,C[C@]12CC[C@@H]3c4ccc(O[S+2]([O-])([O-])[O-])cc4CC[C@H]3[C@@H]1CCC2=O,0
ETHACRYNIC_ACID,C=C(CC)C(=O)c1ccc(OCC(=O)[O-])c(Cl)c1Cl,0
ETHAMBUTOL,CC[C@@H](CO)[N+]CC[N+][C@@H](CC)CO,0
ETHINYL_ESTRADIOL,C#C[C@]1(O)CC[C@H]2[C@@H]3CCc4cc(O)ccc4[C@H]3CC[C@@]21C,0
ETHIONAMIDE,CCc1cc(C(N)=S)ccn1,0
ETHOSUXIMIDE,CCC1(C)CC(=O)NC1=O,0
ETODOLAC,CCc1cccc2c3c([nH]c12)C(CC)(CC(=O)[O-])OCC3,0
ETOPOSIDE,COc1cc([C@@H]2c3cc4c(cc3[C@@H](O[C@@H]3O[C@@H]5CO[C@@H](C)O[C@H]5[C@H](O)[C@H]3O)C3COC(=O)[C@@H]32)OCO4)cc(OC)c1O,0
FAMOTIDINE,NC(N)=[N+]c1nc(CSCCC(N)=[N+][S+2](N)([O-])[O-])cs1,0
FELBAMATE,NC(=O)OCC(COC(N)=O)c1ccccc1,0
FELODIPINE,CCOC(=O)C1=C(C)NC(C)=C(C(=O)OC)C1c1cccc(Cl)c1Cl,0
FENOPROFEN,CC(C(=O)[O-])c1cccc(Oc2ccccc2)c1,0
FEXOFENADINE,CC(C)(C(=O)[O-])c1ccc(C(O)CCC[N+]2CCC(C(O)(c3ccccc3)c3ccccc3)CC2)cc1,0
FINASTERIDE,CC(C)(C)NC(=O)C1CCC2C3CCC4NC(=O)C=CC4(C)C3CCC12C,0
FK506,C=CC[C@@H]1C=C(C)C[C@H](C)C[C@H](OC)[C@H]2O[C@@](O)(C(=O)C(=O)N3CCCC[C@H]3C(=O)O[C@H](/C(C)=C/[C@@H]3CC[C@@H](O)[C@H](OC)C3)[C@H](C)[C@@H](O)CC1=O)[C@H](C)C[C@@H]2OC,0
FLUTAMIDE,CC(C)C(=O)Nc1ccc([N+](=O)[O-])c(C(F)(F)F)c1,0
FLUVASTATIN,CC(C)n1c(/C=C\[C@@H](O)C[C@@H](O)CC(=O)[O-])c(-c2ccc(F)cc2)c2ccccc21,0
FUROSEMIDE,N[S+2]([O-])([O-])c1cc(C(=O)[O-])c(NCc2ccco2)cc1Cl,0
GANCICLOVIR,Nc1nc([O-])c2ncn(COC(CO)CO)c2n1,0
GEMFIBROZIL,Cc1ccc(C)c(OCCCC(C)(C)C(=O)[O-])c1,0
GLIPIZIDE,Cc1cnc(C(=O)NCCc2ccc([S+2]([O-])([O-])[N-]C(=O)NC3CCCCC3)cc2)cn1,0
GUAIFENESIN,COc1ccccc1OCC(O)CO,0
GUANFACINE,[N+]=C(N)NC(=O)Cc1c(Cl)cccc1Cl,0
HYDROCHLOROTHIAZIDE,N[S+2]([O-])([O-])c1cc2c(cc1Cl)NCN[S+2]2([O-])[O-],0
HYDROCODONE,COc1ccc2c3c1O[C@H]1C(=O)CC[C@H]4[C@@H](C2)[N+](C)CC[C@]314,0
HYDROFLUMETHIAZIDE,N[S+2]([O-])([O-])c1cc2c(cc1C(F)(F)F)NCN[S+2]2([O-])[O-],0
HYDROMORPHONE,C[N+]1CC[C@]23c4c5ccc(O)c4O[C@H]2C(=O)CC[C@H]3[C@H]1C5,0
HYDROXYCHLOROQUINE,CC[N+](CCO)CCCC(C)Nc1ccnc2cc(Cl)ccc12,0
HYDROXYUREA,NC(=O)N[O-],0
HYDROXYZINE,OCCOCC[N+]1CC[N+](C(c2ccccc2)c2ccc(Cl)cc2)CC1,0
IBUPROFEN,CC(C)Cc1ccc(C(C)C(=O)[O-])cc1,0
INDAPAMIDE,CC1Cc2ccccc2N1NC(=O)c1ccc(Cl)c([S+2](N)([O-])[O-])c1,0
INDINAVIR,CC(C)(C)NC(=O)[C@@H]1C[N+](Cc2cccnc2)CC[N+]1C[C@@H](O)C[C@@H](Cc1ccccc1)C(=O)N[C@H]1c2ccccc2C[C@H]1O,0
INDOMETHACIN,COc1ccc2c(c1)c(CC(=O)[O-])c(C)n2C(=O)c1ccc(Cl)cc1,0
IODOQUINOL,Oc1c(I)cc(I)c2cccnc12,0
IRBESARTAN,CCCCC1=NC2(CCCC2)C(=O)N1Cc1ccc(-c2ccccc2-c2nn[n-]n2)cc1,0
ISOMETHEPTENE,C[N+]C(C)CCC=C(C)C,0
ISONIAZID,NNC(=O)c1ccncc1,0
ISOSORBIDE,O=[N+]([O-])O[C@@H]1CO[C@@H]2[C@@H](O)CO[C@H]12,0
ISOTRETINOIN,CC1=C(/C=C\C(C)=C\C=C\C(C)=C\C(=O)[O-])C(C)(C)CCC1,0
KETOPROFEN,CC(C(=O)[O-])c1cccc(C(=O)c2ccccc2)c1,0
KETOROLAC,O=C(c1ccccc1)c1ccc2n1CCC2C(=O)[O-],0
LABETALOL,CC(CCc1ccccc1)[N+]CC(O)c1ccc([O-])c(C(N)=O)c1,0
LAMIVUDINE,Nc1ccn([C@@H]2CS[C@@H](CO)O2)c(=O)n1,0
LAMOTRIGINE,Nc1nnc(-c2cccc(Cl)c2Cl)c(N)n1,0
LANSOPRAZOLE,Cc1c(OCC(F)(F)F)ccnc1C[S+]([O-])c1nc2ccccc2[nH]1,0
LETROZOLE,N#Cc1ccc(C(c2ccc(C#N)cc2)n2cncn2)cc1,0
LEVAMISOLE,c1ccc(C2CN3CCSC3=N2)cc1,0
LEVETIRACETAM,CCC(C(N)=O)N1CCCC1=O,0
LEVORPHANOL,C[N+]1CC[C@]23CCCC[C@H]2[C@H]1Cc1ccc(O)cc13,0
LEVOTHYROXINE,[N+][C@@H](Cc1cc(I)c(Oc2cc(I)c(O)c(I)c2)c(I)c1)C(=O)[O-],0
LIDOCAINE,CC[N+](CC)CC(=O)Nc1c(C)cccc1C,0
LISINOPRIL,[N+]CCCC[C@H]([N+][C@H](CCc1ccccc1)C(=O)[O-])C(=O)N1CCC[C@H]1C(=O)[O-],0
LOMEFLOXACIN,CCn1cc(C(=O)[O-])c(=O)c2cc(F)c(N3CC[N+]C(C)C3)c(F)c21,0
LOMUSTINE,O=NN(CCCl)C(=O)NC1CCCCC1,0
LOPERAMIDE,CN(C)C(=O)C(CC[N+]1CCC(O)(c2ccc(Cl)cc2)CC1)(c1ccccc1)c1ccccc1,0
LORAZEPAM,O=C1Nc2ccc(Cl)cc2C(c2ccccc2Cl)=NC1O,0
LOXAPINE,C[N+]1CCN(C2=Nc3ccccc3Oc3ccc(Cl)cc32)CC1,0
MECAMYLAMINE,C[N+]C1(C)C2CCC(C2)C1(C)C,0
MEFENAMIC,Cc1cccc(Nc2ccccc2C(=O)[O-])c1C,0
MEGESTROL,CC(=O)OC1(C(C)=O)CCC2C3C=C(C)C4=CC(=O)CCC4(C)C3CCC21C,0
MELOXICAM,Cc1cnc(NC(=O)C2=C(O)c3ccccc3[S+2]([O-])([O-])N2C)s1,0
MELPHALAN,[N+][C@@H](Cc1ccc(N(CCCl)CCCl)cc1)C(=O)[O-],0
MEPHOBARBITAL,CCC1(c2ccccc2)C(=O)NC(=O)N(C)C1=O,0
MEPROBAMATE,CCCC(C)(COC(N)=O)COC(N)=O,0
MERCAPTOPURINE,S=C1NC=[N+]c2nc[nH]c21,0
MESALAMINE,Nc1ccc([O-])c(C(=O)[O-])c1,0
METAPROTERENOL,CC(C)[N+]CC(O)c1cc(O)cc(O)c1,0
METAXALONE,Cc1cc(C)cc(OCC2CNC(=O)O2)c1,0
METFORMIN,CN(C)C(=[N+])NC(=[N+])N,0
METHAMPHETAMINE,C[N+]C(C)Cc1ccccc1,0
METHAZOLAMIDE,CC(=O)N=c1sc([S+2](N)([O-])[O-])nn1C,0
METHOCARBAMOL,COc1ccccc1OCC(O)COC(N)=O,0
METHOXSALEN,COc1c2occc2cc2ccc(=O)oc12,0
METHSUXIMIDE,CN1C(=O)CC(C)(c2ccccc2)C1=O,0
METHYCLOTHIAZIDE,CN1C(CCl)Nc2cc(Cl)c([S+2](N)([O-])[O-])cc2[S+2]1([O-])[O-],0
METHYLPHENIDATE,COC(=O)C(c1ccccc1)C1CCCC[N+]1,0
METOLAZONE,Cc1ccccc1N1C(=O)c2cc([S+2](N)([O-])[O-])c(Cl)cc2NC1C,0
METOPROLOL,COCCc1ccc(OCC(O)C[N+]C(C)C)cc1,0
METYROSINE,C[C@]([N+])(Cc1ccc(O)cc1)C(=O)[O-],0
MEXILETINE,Cc1cccc(C)c1OCC(C)[N+],0
MIDAZOLAM,Cc1ncc2n1-c1ccc(Cl)cc1C(c1ccccc1F)=NC2,0
MIDODRINE,COc1ccc(OC)c(C(O)CNC(=O)C[N+])c1,0
MIGLITOL,OCC[N+]1C[C@H](O)[C@@H](O)[C@H](O)[C@H]1CO,0
MISOPROSTOL,CCCCC(C)(O)C/C=C/[C@H]1[C@H](O)CC(=O)[C@@H]1CCCCCCC(=O)OC,0
MITOTANE,Clc1ccc(C(c2ccccc2Cl)C(Cl)Cl)cc1,0
MODAFINIL,NC(=O)C[S+]([O-])C(c1ccccc1)c1ccccc1,0
MOLINDONE,CCC1C(C)=NC2=C1C(=O)C(C[N+]1CCOCC1)CC2,0
MONTELUKAST,CC(C)(O)c1ccccc1CCC(SCC1(CC(=O)[O-])CC1)c1cccc(/C=C\c2ccc3ccc(Cl)cc3n2)c1,0
NABUMETONE,COc1ccc2cc(CCC(C)=O)ccc2c1,0
NADOLOL,CC(C)(C)[N+]CC(O)COc1cccc2c1C[C@H](O)[C@H](O)C2,0
NALTREXONE,O=C1CC[C@@]2(O)[C@H]3Cc4ccc(O)c5c4[C@@]2(CC[N+]3CC2CC2)[C@H]1O5,0
NAPA(R=COCH3),CC[N+](CC)CCNC(=O)c1ccc(NC(C)=O)cc1,0
NAPROXEN,COc1ccc2cc([C@H](C)C(=O)[O-])ccc2c1,0
NARATRIPTAN,CN[S+2]([O-])([O-])CCc1ccc2c(c1)C(C1CC[N+](C)CC1)C=N2,0
NATEGLINIDE,CC(C)[C@H]1CC[C@H](C(=O)N[C@H](Cc2ccccc2)C(=O)[O-])CC1,0
NEFAZODONE,CCc1nn(CCC[N+]2CCN(c3cccc(Cl)c3)CC2)c(=O)n1CCOc1ccccc1,0
NEVIRAPINE,Cc1ccnc2c1NC(=O)c1cccnc1N2C1CC1,0
NIACIN,O=C([O-])c1cccnc1,0
NILUTAMIDE,CC1(C)NC(=O)N(c2ccc([N+](=O)[O-])c(C(F)(F)F)c2)C1=O,0
NIMODIPINE,COCCOC(=O)C1=C(C)NC(C)=C(C(=O)OC(C)C)C1c1cccc([N+](=O)[O-])c1,0
NISOLDIPINE,COC(=O)C1=C(C)NC(C)=C(C(=O)OCC(C)C)C1c1ccccc1[N+](=O)[O-],0
NIZATIDINE,CN/C(=C/[N+](=O)[O-])NCCSCc1csc(C[N+](C)C)n1,0
ORLISTAT,CCCCCCCCCCC[C@@H](C[C@@H]1OC(=O)[C@H]1CCCCCC)OC(=O)[C@H](CC(C)C)NC=O,0
ORPHENADRINE,Cc1ccccc1C(OCC[N+](C)C)c1ccccc1,0
OXAPROZIN,O=C([O-])CCc1nc(-c2ccccc2)c(-c2ccccc2)o1,0
OXCARBAZEPINE,NC(=O)N1c2ccccc2CC(=O)c2ccccc21,0
OXYCODONE,COc1ccc2c3c1O[C@H]1C(=O)CC[C@@]4(O)[C@@H](C2)[N+](C)CC[C@]314,0
PAMABROM,Cn1c(=O)c2[nH]c(Br)nc2n(C)c1=O,0
PANTOPRAZOLE,COc1ccnc(C[S+]([O-])c2nc3cc(OC(F)F)ccc3[nH]2)c1OC,0
PAROXETINE,Fc1ccc(C2CC[N+]CC2COc2ccc3c(c2)OCO3)cc1,0
PEMOLINE,NC1=NC(=O)C(c2ccccc2)O1,0
PENTAZOCINE,CC(C)=CC[N+]1CC[C@@]2(C)c3cc(O)ccc3C[C@@H]1C2C,0
PENTOXIFYLLINE,CC(=O)CCCCn1c(=O)c2c(ncn2C)n(C)c1=O,0
PERPHENAZINE,OCC[N+]1CC[N+](CCCN2c3ccccc3Sc3ccc(Cl)cc32)CC1,0
PHENAZONE,Cc1cc(=O)n(-c2ccccc2)n1C,0
PHENAZOPYRIDINE,Nc1ccc(N=Nc2ccccc2)c(N)n1,0
PHENDIMETRAZINE,C[C@H]1[C@H](c2ccccc2)OCC[N+]1C,0
PHENELZINE,NNCCc1ccccc1,0
PHENOXYBENZAMINE,CC(COc1ccccc1)[N+](CCCl)Cc1ccccc1,0
PHENTERMINE,CC(C)([N+])Cc1ccccc1,0
PHENYLEPHRINE,C[N+]C[C@H](O)c1cccc(O)c1,0
PHENYLPROPANOLAMINE,CC([N+])C(O)c1ccccc1,0
PHENYLTOLOXAMINE,C[N+](C)CCOc1ccccc1Cc1ccccc1,0
PHENYL_SALICYLATE,O=C(Oc1ccccc1)c1ccccc1[O-],0
PILOCARPINE,CC[C@@H]1C(=O)OC[C@@H]1Cc1cncn1C,0
PIOGLITAZONE,CCc1ccc(CCOc2ccc(CC3SC(=O)NC3=O)cc2)nc1,0
PIROXICAM,CN1C(C(=O)Nc2ccccn2)=C(O)c2ccccc2[S+2]1([O-])[O-],0
POLYTHIAZIDE,CN1C(CSCC(F)(F)F)Nc2cc(Cl)c([S+2](N)([O-])[O-])cc2[S+2]1([O-])[O-],0
PRAMIPEXOLE,CCC[N+][C@H]1CCc2nc(N)sc2C1,0
PRIMIDONE,CCC1(c2ccccc2)C(=O)NCNC1=O,0
PROCARBAZINE,CNNCc1ccc(C(=O)NC(C)C)cc1,0
PROGUANIL,CC(C)NC(=[N+])NC(=[N+])Nc1ccc(Cl)cc1,0
PROPOXYPHENE,CCC(=O)O[C@](Cc1ccccc1)(c1ccccc1)[C@H](C)C[N+](C)C,0
PROTRIPTYLINE,C[N+]CCCC1c2ccccc2C=Cc2ccccc21,0
PSEUDOEPHEDRINE,C[N+][C@@H](C)[C@@H](O)c1cccc(O)c1,0
PYRIDOXINE,Cc1ncc(CO)c(CO)c1O,0
PYRIMETHAMINE,CCc1nc(N)nc(N)c1-c1ccc(Cl)cc1,0
RABEPRAZOLE,COCCCOc1ccnc(C[S+]([O-])c2nc3ccccc3[nH]2)c1C,0
RALOXIFENE,O=C(c1ccc(OCC[N+]2CCCCC2)cc1)c1c(-c2ccc(O)cc2)sc2cc(O)ccc12,0
RANITIDINE,CN/C(=C\[N+](=O)[O-])NCCSCc1ccc(C[N+](C)C)o1,0
REPAGLINIDE,CCOc1cc(CC(=O)NC(CC(C)C)c2ccccc2N2CCCCC2)ccc1C(=O)[O-],0
RIBAVIRIN,NC(=O)c1ncn([C@H]2O[C@@H](CO)[C@H](O)[C@@H]2O)n1,0
RILUZOLE,Nc1nc2ccc(OC(F)(F)F)cc2s1,0
RIMANTADINE,CC([N+])C12CC3CC(CC(C3)C1)C2,0
RIVASTIGMINE,CCN(C)C(=O)Oc1cccc([C@H](C)[N+](C)C)c1,0
RIZATRIPTAN,C[N+](C)CCC1C=Nc2ccc(Cn3cncn3)cc21,0
ROFECOXIB,C[S+2]([O-])([O-])c1ccc(C2=C(c3ccccc3)C(=O)OC2)cc1,0
ROPINIROLE,CCC[N+](CCC)CCc1cccc2c1CC(=O)N2,0
ROSIGLITAZONE,CN(CCOc1ccc(CC2SC(=O)NC2=O)cc1)c1ccccn1,0
SELEGILINE,C#CC[N+](C)[C@H](C)Cc1ccccc1,0
SERTRALINE,C[N+][C@H]1CC[C@@H](c2ccc(Cl)c(Cl)c2)c2ccccc21,0
SIBUTRAMINE,CC(C)CC([N+](C)C)C1(c2ccc(Cl)cc2)CCC1,0
SIMVASTATIN,CCC(C)(C)C(=O)O[C@H]1C[C@@H](C)C=C2C=C[C@H](C)[C@H](CC[C@@H]3C[C@@H](O)CC(=O)O3)[C@H]21,0
SPIRONOLACTONE,CC(=O)S[C@@H]1CC2=CC(=O)CC[C@]2(C)[C@H]2CC[C@@]3(C)[C@@H](CC[C@@]34CCC(=O)O4)[C@@H]21,0
STAVUDINE,Cc1cn(C2C=CC(CO)O2)c(=O)[nH]c1=O,0
SULINDAC,CC1=C(CC(=O)[O-])c2cc(F)ccc2/C1=C\c1ccc([S+](C)[O-])cc1,0
SUMATRIPTAN,CN[S+2]([O-])([O-])Cc1ccc2c(c1)C(CC[N+](C)C)C=N2,0
TACRINE,Nc1c2c(nc3ccccc13)CCCC2,0
TELMISARTAN,CCCc1nc2ccc(-c3nc4c(C)cccc4n3C)cc2n1Cc1ccc(-c2ccccc2C(=O)[O-])cc1,0
TEMOZOLOMIDE,C[N+]1=NN=C2C(C(N)=O)=NC=[N+]2C1=O,0
TERBUTALINE,CC(C)(C)[N+]CC(O)c1cc(O)cc(O)c1,0
TESTOLACTONE,CC12CCC3C(CCC4=CC(=O)C=CC43C)C1CCC(=O)O2,0
THALIDOMIDE,O=C1CCC(N2C(=O)c3ccccc3C2=O)C(=O)N1,0
THEOPHYLLINE,Cn1c(=O)c2nc[nH]c2n(C)c1=O,0
THIOGUANINE,Nc1nc(=S)c2[nH]cnc2[nH]1,0
THIOTHIXENE,CN(C)[S+2]([O-])([O-])c1ccc2c(c1)/C(=C\CC[N+]1CC[N+](C)CC1)c1ccccc1S2,0
TIAGABINE,Cc1ccsc1C(=CCC[N+]1CCC[C@@H](C(=O)[O-])C1)c1sccc1C,0
TICLOPIDINE,Clc1ccccc1C[N+]1CCc2sccc2C1,0
TILUDRONIC_ACID,[O-][P+]([O-])([O-])C(Sc1ccc(Cl)cc1)[P+]([O-])([O-])[O-],0
TIMOLOL,CC(C)(C)[N+]C[C@H](O)COc1nsnc1N1CCOCC1,0
TIZANIDINE,Clc1ccc2nsnc2c1NC1=[N+]CCN1,0
TOCAINIDE,Cc1cccc(C)c1NC(=O)C(C)[N+],0
TOLCAPONE,Cc1ccc(C(=O)c2cc(O)c([O-])c([N+](=O)[O-])c2)cc1,0
TOLMETIN,Cc1ccc(C(=O)c2ccc(CC(=O)[O-])n2C)cc1,0
TOPIRAMATE,CC1(C)O[C@@H]2CO[C@@]3(CO[S+2](N)([O-])[O-])OC(C)(C)O[C@H]3[C@@H]2O1,0
TOREMIFENE,C[N+](C)CCOc1ccc(/C(=C(/CCCl)c2ccccc2)c2ccccc2)cc1,0
TORSEMIDE,Cc1cccc(Nc2ccncc2[S+2]([O-])([O-])[N-]C(=O)NC(C)C)c1,0
TRAMADOL,COc1cccc([C@@]2(O)CCCC[C@@H]2C[N+](C)C)c1,0
TRANYLCYPROMINE,[N+][C@@H]1C[C@H]1c1ccccc1,0
TRIAZOLAM,Cc1nnc2n1-c1ccc(Cl)cc1C(c1ccccc1Cl)=NC2,0
TRIHEXYPHENIDYL,OC(CC[N+]1CCCCC1)(c1ccccc1)C1CCCCC1,0
TRIMETHOBENZAMIDE,COc1cc(C(=O)NCc2ccc(OCC[N+](C)C)cc2)cc(OC)c1OC,0
TRIPROLIDINE,Cc1ccc(/C(=C\C[N+]2CCCC2)c2ccccn2)cc1,0
URSODEOXYCHOLIC ACID,C[C@@H](CCC(=O)[O-])[C@H]1CC[C@H]2[C@@H]3[C@@H](O)C[C@@H]4C[C@H](O)CC[C@]4(C)[C@H]3CC[C@@]21C,0
VALPROIC_ACID,CCCC(CCC)C(=O)[O-],0
VALSARTAN,CCCCC(=O)N(Cc1ccc(-c2ccccc2-c2nn[n-]n2)cc1)[C@H](C(=O)[O-])C(C)C,0
WARFARIN,CC(=O)CC(c1ccccc1)c1c(O)c2ccccc2oc1=O,0
YOHIMBINE,COC(=O)[C@H]1[C@@H](O)CC[C@H]2C[N+]3CCc4c([nH]c5ccccc45)[C@@H]3C[C@@H]21,0
ZAFIRLUKAST,COc1cc(C(=O)[N-][S+2]([O-])([O-])c2ccccc2C)ccc1Cc1cn(C)c2ccc(NC(=O)OC3CCCC3)cc12,0
ZALCITABINE,Nc1ccn([C@H]2CC[C@@H](CO)O2)c(=O)n1,0
ZALEPLON,CCN(C(C)=O)c1cccc(-c2cc[nH]c3c(C#N)cn[n+]2-3)c1,0
ZIDOVUDINE,Cc1cn(C2CC(N=[N+]=[N-])C(CO)O2)c(=O)[nH]c1=O,0
ZOLPIDEM,CC1=CCC2=NC(c3ccc(C)cc3)=C(CC(=O)N(C)C)[N+]2=C1,0
ABACAVIR,Nc1nc(NC2CC2)c2ncn(C3C=CC(CO)C3)c2n1,0
